Country,ABRV,2017,2016,2015,2014,2013,2012,2011,2010,2009,2008,2007,2006,2005,2004,2004,2003,2002,2001,2000,1998,1997,1996
Aruba,ABW,Democracy,Flawed Democracy,Flawed Democracy,Democracy,Flawed Democracy,Flawed Democracy,Flawed Democracy,Flawed Democracy,Flawed Democracy,Flawed Democracy,No Data,No Data,No Data,No Data,No Data,No Data,No Data,No Data,No Data,No Data,No Data,No Data
Afghanistan,AFG,Authoritarian regimes,Authoritarian regimes,Authoritarian regimes,Authoritarian regimes,Authoritarian regimes,Authoritarian regimes,Authoritarian regimes,Authoritarian regimes,Authoritarian regimes,Authoritarian regimes,Democracy,Authoritarian regimes,Authoritarian regimes,Authoritarian regimes,Authoritarian regimes,Authoritarian regimes,No Data,No Data,No Data,No Data,No Data,No Data
Angola,AGO,Authoritarian regimes,Authoritarian regimes,Authoritarian regimes,Authoritarian regimes,Authoritarian regimes,Authoritarian regimes,Authoritarian regimes,Authoritarian regimes,Authoritarian regimes,Authoritarian regimes,Authoritarian regimes,Authoritarian regimes,Authoritarian regimes,Authoritarian regimes,Authoritarian regimes,Authoritarian regimes,Authoritarian regimes,Authoritarian regimes,Authoritarian regimes,Authoritarian regimes,Authoritarian regimes,Authoritarian regimes
Albania,ALB,Flawed Democracy,Authoritarian regimes,Authoritarian regimes,Authoritarian regimes,Authoritarian regimes,Authoritarian regimes,Authoritarian regimes,Authoritarian regimes,Authoritarian regimes,Authoritarian regimes,Authoritarian regimes,Authoritarian regimes,Authoritarian regimes,No Data,No Data,No Data,No Data,No Data,No Data,No Data,No Data,No Data
United Arab Emirates,ARE,Authoritarian regimes,Flawed Democracy,Flawed Democracy,Flawed Democracy,Hybrid Regime,Hybrid Regime,Hybrid Regime,Hybrid Regime,Hybrid Regime,Hybrid Regime,Flawed Democracy,Hybrid Regime,Flawed Democracy,Flawed Democracy,Hybrid Regime,Flawed Democracy,Flawed Democracy,Flawed Democracy,Hybrid Regime,Authoritarian regimes,Authoritarian regimes,Authoritarian regimes
Argentina,ARG,Flawed Democracy,Hybrid Regime,Hybrid Regime,Authoritarian regimes,Authoritarian regimes,Authoritarian regimes,Authoritarian regimes,Authoritarian regimes,Authoritarian regimes,Authoritarian regimes,Authoritarian regimes,Authoritarian regimes,Authoritarian regimes,Authoritarian regimes,Authoritarian regimes,Authoritarian regimes,Authoritarian regimes,Authoritarian regimes,Hybrid Regime,Authoritarian regimes,Authoritarian regimes,Authoritarian regimes
Armenia,ARM,Authoritarian regimes,Authoritarian regimes,Authoritarian regimes,Hybrid Regime,Authoritarian regimes,Authoritarian regimes,Authoritarian regimes,Authoritarian regimes,Authoritarian regimes,Authoritarian regimes,Authoritarian regimes,Hybrid Regime,Authoritarian regimes,No Data,No Data,No Data,No Data,No Data,No Data,No Data,No Data,No Data
Australia,AUS,Democracy,Democracy,Democracy,Democracy,Democracy,Flawed Democracy,Democracy,Democracy,Democracy,Democracy,Democracy,Democracy,Flawed Democracy,Flawed Democracy,Democracy,Flawed Democracy,Flawed Democracy,Flawed Democracy,Democracy,Flawed Democracy,Flawed Democracy,Flawed Democracy
Austria,AUT,Democracy,Flawed Democracy,Flawed Democracy,Democracy,Flawed Democracy,Flawed Democracy,Flawed Democracy,Flawed Democracy,Flawed Democracy,Democracy,Democracy,Democracy,Democracy,Democracy,Democracy,Democracy,Democracy,Democracy,Democracy,Democracy,Democracy,Democracy
Azerbaijan,AZE,Authoritarian regimes,Authoritarian regimes,Authoritarian regimes,Authoritarian regimes,Authoritarian regimes,Authoritarian regimes,Authoritarian regimes,Authoritarian regimes,Authoritarian regimes,Authoritarian regimes,Authoritarian regimes,Authoritarian regimes,Authoritarian regimes,Authoritarian regimes,Authoritarian regimes,Authoritarian regimes,Authoritarian regimes,Authoritarian regimes,Authoritarian regimes,Authoritarian regimes,Authoritarian regimes,Authoritarian regimes
Burundi,BDI,Authoritarian regimes,Authoritarian regimes,Authoritarian regimes,Authoritarian regimes,Authoritarian regimes,Authoritarian regimes,Authoritarian regimes,Authoritarian regimes,Authoritarian regimes,Authoritarian regimes,Authoritarian regimes,Hybrid Regime,Authoritarian regimes,No Data,No Data,No Data,No Data,No Data,No Data,No Data,No Data,No Data
Belgium,BEL,Democracy,Flawed Democracy,Flawed Democracy,Democracy,Flawed Democracy,Flawed Democracy,Flawed Democracy,Flawed Democracy,Flawed Democracy,Flawed Democracy,Flawed Democracy,Democracy,Flawed Democracy,Flawed Democracy,Democracy,Flawed Democracy,Flawed Democracy,Flawed Democracy,Democracy,Flawed Democracy,Flawed Democracy,Flawed Democracy
Benin,BEN,Hybrid Regime,Authoritarian regimes,Authoritarian regimes,Authoritarian regimes,Authoritarian regimes,Authoritarian regimes,Authoritarian regimes,Authoritarian regimes,Authoritarian regimes,Authoritarian regimes,Authoritarian regimes,Hybrid Regime,Authoritarian regimes,No Data,No Data,No Data,No Data,No Data,No Data,No Data,No Data,No Data
Burkina Faso,BFA,Hybrid Regime,Hybrid Regime,Hybrid Regime,Hybrid Regime,Authoritarian regimes,Authoritarian regimes,Authoritarian regimes,Authoritarian regimes,Authoritarian regimes,Authoritarian regimes,Authoritarian regimes,Hybrid Regime,Authoritarian regimes,No Data,No Data,No Data,No Data,No Data,No Data,No Data,No Data,No Data
Bangladesh,BGD,Authoritarian regimes,Authoritarian regimes,Authoritarian regimes,Hybrid Regime,Authoritarian regimes,Authoritarian regimes,Authoritarian regimes,Authoritarian regimes,Authoritarian regimes,Authoritarian regimes,Authoritarian regimes,Authoritarian regimes,Authoritarian regimes,Authoritarian regimes,Authoritarian regimes,Authoritarian regimes,Authoritarian regimes,Authoritarian regimes,Authoritarian regimes,Authoritarian regimes,Authoritarian regimes,Authoritarian regimes
Bulgaria,BGR,Flawed Democracy,Authoritarian regimes,Authoritarian regimes,Hybrid Regime,Authoritarian regimes,Authoritarian regimes,Authoritarian regimes,Authoritarian regimes,Authoritarian regimes,Authoritarian regimes,Authoritarian regimes,Hybrid Regime,Authoritarian regimes,Authoritarian regimes,Hybrid Regime,Authoritarian regimes,Authoritarian regimes,Authoritarian regimes,Hybrid Regime,Authoritarian regimes,Authoritarian regimes,Authoritarian regimes
Bahrain,BHR,Authoritarian regimes,Hybrid Regime,Hybrid Regime,Flawed Democracy,Hybrid Regime,Hybrid Regime,Hybrid Regime,Hybrid Regime,Hybrid Regime,Hybrid Regime,Hybrid Regime,Flawed Democracy,Hybrid Regime,Hybrid Regime,Flawed Democracy,Hybrid Regime,Hybrid Regime,Hybrid Regime,Hybrid Regime,Authoritarian regimes,Authoritarian regimes,Authoritarian regimes
Bahamas,BHS,Flawed Democracy,Flawed Democracy,Flawed Democracy,Hybrid Regime,Flawed Democracy,Flawed Democracy,Flawed Democracy,Flawed Democracy,Flawed Democracy,Flawed Democracy,No Data,No Data,No Data,No Data,No Data,No Data,No Data,No Data,No Data,No Data,No Data,No Data
Bosnia and Herzegovina,BIH,Authoritarian regimes,Authoritarian regimes,Authoritarian regimes,Hybrid Regime,Authoritarian regimes,Authoritarian regimes,Authoritarian regimes,Authoritarian regimes,Authoritarian regimes,Authoritarian regimes,Authoritarian regimes,Hybrid Regime,Authoritarian regimes,Authoritarian regimes,Hybrid Regime,Authoritarian regimes,Authoritarian regimes,Authoritarian regimes,Hybrid Regime,Authoritarian regimes,Authoritarian regimes,Flawed Democracy
Belarus,BLR,Authoritarian regimes,Hybrid Regime,Hybrid Regime,Authoritarian regimes,Hybrid Regime,Hybrid Regime,Hybrid Regime,Authoritarian regimes,Authoritarian regimes,Authoritarian regimes,Authoritarian regimes,Authoritarian regimes,Authoritarian regimes,No Data,No Data,No Data,No Data,No Data,No Data,No Data,No Data,No Data
Belize,BLZ,Flawed Democracy,Hybrid Regime,Hybrid Regime,Authoritarian regimes,Hybrid Regime,Hybrid Regime,Hybrid Regime,Hybrid Regime,Hybrid Regime,Hybrid Regime,Authoritarian regimes,Hybrid Regime,Authoritarian regimes,No Data,No Data,No Data,No Data,No Data,No Data,No Data,No Data,No Data
Bolivia,BOL,Hybrid Regime,Authoritarian regimes,Authoritarian regimes,Authoritarian regimes,Authoritarian regimes,Authoritarian regimes,Authoritarian regimes,Authoritarian regimes,Authoritarian regimes,Authoritarian regimes,Authoritarian regimes,Authoritarian regimes,Authoritarian regimes,Authoritarian regimes,Hybrid Regime,Authoritarian regimes,Authoritarian regimes,Authoritarian regimes,Hybrid Regime,Authoritarian regimes,Authoritarian regimes,Authoritarian regimes
Brazil,BRA,Flawed Democracy,Authoritarian regimes,Authoritarian regimes,Hybrid Regime,Authoritarian regimes,Authoritarian regimes,Authoritarian regimes,Authoritarian regimes,Authoritarian regimes,Authoritarian regimes,Authoritarian regimes,Hybrid Regime,Authoritarian regimes,Authoritarian regimes,Hybrid Regime,Authoritarian regimes,Authoritarian regimes,Authoritarian regimes,Hybrid Regime,Authoritarian regimes,Authoritarian regimes,Authoritarian regimes
Barbados,BRB,Democracy,Democracy,Democracy,Flawed Democracy,Democracy,Democracy,Democracy,Democracy,Flawed Democracy,Flawed Democracy,No Data,No Data,No Data,No Data,No Data,No Data,No Data,No Data,No Data,No Data,No Data,No Data
Brunei Darussalam,BRN,Hybrid Regime,Flawed Democracy,Flawed Democracy,Flawed Democracy,Flawed Democracy,Flawed Democracy,Flawed Democracy,Flawed Democracy,Flawed Democracy,Flawed Democracy,No Data,No Data,No Data,No Data,No Data,No Data,No Data,No Data,No Data,No Data,No Data,No Data
Bhutan,BTN,Hybrid Regime,Democracy,Hybrid Regime,Hybrid Regime,Flawed Democracy,Hybrid Regime,Hybrid Regime,Hybrid Regime,Hybrid Regime,Hybrid Regime,Democracy,Democracy,Democracy,No Data,No Data,No Data,No Data,No Data,No Data,No Data,No Data,No Data
Botswana,BWA,Flawed Democracy,Flawed Democracy,Flawed Democracy,Flawed Democracy,Flawed Democracy,Flawed Democracy,Flawed Democracy,Flawed Democracy,Flawed Democracy,Flawed Democracy,Flawed Democracy,Flawed Democracy,Flawed Democracy,Democracy,Flawed Democracy,Flawed Democracy,Democracy,Hybrid Regime,Flawed Democracy,Hybrid Regime,Hybrid Regime,Flawed Democracy
Central African Republic,CAF,Authoritarian regimes,Authoritarian regimes,Authoritarian regimes,Authoritarian regimes,Authoritarian regimes,Authoritarian regimes,Authoritarian regimes,Authoritarian regimes,Authoritarian regimes,Authoritarian regimes,Democracy,Democracy,Democracy,No Data,No Data,No Data,No Data,No Data,No Data,No Data,No Data,No Data
Canada,CAN,Democracy,Democracy,Democracy,Democracy,Democracy,Democracy,Democracy,Democracy,Democracy,Democracy,Democracy,Democracy,Democracy,Democracy,Democracy,Democracy,Democracy,Democracy,Democracy,Democracy,Democracy,Democracy
Switzerland,CHE,Democracy,Democracy,Democracy,Democracy,Democracy,Democracy,Democracy,Democracy,Democracy,Democracy,Democracy,Democracy,Democracy,Democracy,Democracy,Democracy,Democracy,Democracy,Democracy,Democracy,Democracy,Flawed Democracy
Chile,CHL,Democracy,Flawed Democracy,Flawed Democracy,Democracy,Flawed Democracy,Flawed Democracy,Flawed Democracy,Flawed Democracy,Flawed Democracy,Flawed Democracy,Flawed Democracy,Democracy,Flawed Democracy,Flawed Democracy,Democracy,Flawed Democracy,Flawed Democracy,Flawed Democracy,Democracy,Flawed Democracy,Flawed Democracy,Flawed Democracy
China,CHN,Authoritarian regimes,Authoritarian regimes,Authoritarian regimes,Hybrid Regime,Authoritarian regimes,Authoritarian regimes,Authoritarian regimes,Authoritarian regimes,Authoritarian regimes,Authoritarian regimes,Authoritarian regimes,Hybrid Regime,Authoritarian regimes,Authoritarian regimes,Authoritarian regimes,Authoritarian regimes,Authoritarian regimes,Authoritarian regimes,Hybrid Regime,Authoritarian regimes,Authoritarian regimes,Authoritarian regimes
CÃ´te d'Ivoire,CIV,Authoritarian regimes,Authoritarian regimes,Authoritarian regimes,Authoritarian regimes,Authoritarian regimes,Authoritarian regimes,Authoritarian regimes,Authoritarian regimes,Authoritarian regimes,Authoritarian regimes,Authoritarian regimes,Authoritarian regimes,Authoritarian regimes,Authoritarian regimes,Authoritarian regimes,Authoritarian regimes,Authoritarian regimes,Authoritarian regimes,Authoritarian regimes,Authoritarian regimes,Authoritarian regimes,Authoritarian regimes
Cameroon,CMR,Authoritarian regimes,Authoritarian regimes,Authoritarian regimes,Authoritarian regimes,Authoritarian regimes,Authoritarian regimes,Authoritarian regimes,Authoritarian regimes,Authoritarian regimes,Authoritarian regimes,Authoritarian regimes,Authoritarian regimes,Authoritarian regimes,Authoritarian regimes,Authoritarian regimes,Authoritarian regimes,Authoritarian regimes,Authoritarian regimes,Authoritarian regimes,Authoritarian regimes,Authoritarian regimes,Authoritarian regimes
"Congo, Rep.",COG,Authoritarian regimes,Authoritarian regimes,Authoritarian regimes,Authoritarian regimes,Authoritarian regimes,Authoritarian regimes,Authoritarian regimes,Authoritarian regimes,Authoritarian regimes,Authoritarian regimes,Authoritarian regimes,Authoritarian regimes,Authoritarian regimes,Authoritarian regimes,No Data,No Data,No Data,No Data,No Data,No Data,No Data,No Data
Colombia,COL,Flawed Democracy,Hybrid Regime,Hybrid Regime,Hybrid Regime,Authoritarian regimes,Authoritarian regimes,Authoritarian regimes,Authoritarian regimes,Authoritarian regimes,Authoritarian regimes,Authoritarian regimes,Hybrid Regime,Authoritarian regimes,Authoritarian regimes,Authoritarian regimes,Authoritarian regimes,Authoritarian regimes,Authoritarian regimes,Authoritarian regimes,Authoritarian regimes,Authoritarian regimes,Authoritarian regimes
Comoros,COM,Authoritarian regimes,Democracy,Democracy,Democracy,Democracy,Democracy,Democracy,No Data,No Data,Democracy,Democracy,Democracy,Democracy,No Data,No Data,No Data,No Data,No Data,No Data,No Data,No Data,No Data
Cape Verde,CPV,Flawed Democracy,Flawed Democracy,Flawed Democracy,Flawed Democracy,Flawed Democracy,Flawed Democracy,Flawed Democracy,Flawed Democracy,Flawed Democracy,Flawed Democracy,Flawed Democracy,Flawed Democracy,Flawed Democracy,No Data,No Data,No Data,No Data,No Data,No Data,No Data,No Data,No Data
Costa Rica,CRI,Flawed Democracy,Hybrid Regime,Flawed Democracy,Flawed Democracy,Flawed Democracy,Flawed Democracy,Flawed Democracy,Flawed Democracy,Flawed Democracy,Flawed Democracy,Hybrid Regime,Flawed Democracy,Hybrid Regime,Hybrid Regime,Flawed Democracy,Hybrid Regime,Hybrid Regime,Hybrid Regime,Flawed Democracy,Hybrid Regime,Hybrid Regime,Flawed Democracy
Cuba,CUB,Authoritarian regimes,Hybrid Regime,Hybrid Regime,Hybrid Regime,Hybrid Regime,Hybrid Regime,Flawed Democracy,Flawed Democracy,Flawed Democracy,Flawed Democracy,Flawed Democracy,Hybrid Regime,Flawed Democracy,Hybrid Regime,Authoritarian regimes,Hybrid Regime,Hybrid Regime,Hybrid Regime,Authoritarian regimes,Hybrid Regime,Hybrid Regime,Authoritarian regimes
Cayman Islands,CYM,Flawed Democracy,Hybrid Regime,Hybrid Regime,Flawed Democracy,Flawed Democracy,Flawed Democracy,Flawed Democracy,Flawed Democracy,Flawed Democracy,Flawed Democracy,No Data,No Data,No Data,No Data,No Data,No Data,No Data,No Data,No Data,No Data,No Data,No Data
Cyprus,CYP,Flawed Democracy,Flawed Democracy,Flawed Democracy,Flawed Democracy,Flawed Democracy,Flawed Democracy,Flawed Democracy,Flawed Democracy,Flawed Democracy,Flawed Democracy,Flawed Democracy,Flawed Democracy,Flawed Democracy,Hybrid Regime,Flawed Democracy,Hybrid Regime,Flawed Democracy,Flawed Democracy,Flawed Democracy,Flawed Democracy,Flawed Democracy,Democracy
Czech Republic,CZE,Flawed Democracy,Hybrid Regime,Hybrid Regime,Democracy,Hybrid Regime,Hybrid Regime,Hybrid Regime,Hybrid Regime,Hybrid Regime,Hybrid Regime,Hybrid Regime,Flawed Democracy,Hybrid Regime,Hybrid Regime,Flawed Democracy,Hybrid Regime,Hybrid Regime,Hybrid Regime,Flawed Democracy,Authoritarian regimes,Hybrid Regime,Hybrid Regime
Germany,DEU,Democracy,Flawed Democracy,Flawed Democracy,Democracy,Flawed Democracy,Flawed Democracy,Flawed Democracy,Flawed Democracy,Flawed Democracy,Flawed Democracy,Flawed Democracy,Democracy,Flawed Democracy,Democracy,Democracy,Democracy,Democracy,Democracy,Democracy,Democracy,Democracy,Flawed Democracy
Djibouti,DJI,Authoritarian regimes,Authoritarian regimes,Authoritarian regimes,Authoritarian regimes,Authoritarian regimes,Authoritarian regimes,Authoritarian regimes,Authoritarian regimes,Authoritarian regimes,Authoritarian regimes,Democracy,Democracy,Democracy,No Data,No Data,No Data,No Data,No Data,No Data,No Data,No Data,No Data
Denmark,DNK,Democracy,Flawed Democracy,Flawed Democracy,Democracy,Flawed Democracy,Democracy,Democracy,Democracy,Democracy,Democracy,Democracy,Democracy,Democracy,Democracy,Democracy,Democracy,Democracy,Democracy,Democracy,Democracy,Democracy,Democracy
Dominican Republic,DOM,Hybrid Regime,Authoritarian regimes,Authoritarian regimes,Hybrid Regime,Authoritarian regimes,Authoritarian regimes,Authoritarian regimes,Authoritarian regimes,Authoritarian regimes,Authoritarian regimes,Authoritarian regimes,Authoritarian regimes,Authoritarian regimes,Authoritarian regimes,Authoritarian regimes,Authoritarian regimes,Authoritarian regimes,Authoritarian regimes,Authoritarian regimes,Authoritarian regimes,Authoritarian regimes,Authoritarian regimes
Algeria,DZA,Authoritarian regimes,Authoritarian regimes,Authoritarian regimes,Authoritarian regimes,Authoritarian regimes,Authoritarian regimes,Authoritarian regimes,Authoritarian regimes,Authoritarian regimes,Authoritarian regimes,Authoritarian regimes,Authoritarian regimes,Authoritarian regimes,Authoritarian regimes,Hybrid Regime,Authoritarian regimes,Authoritarian regimes,Authoritarian regimes,Authoritarian regimes,Authoritarian regimes,Authoritarian regimes,Authoritarian regimes
Ecuador,ECU,Hybrid Regime,Authoritarian regimes,Authoritarian regimes,Authoritarian regimes,Authoritarian regimes,Authoritarian regimes,Authoritarian regimes,Authoritarian regimes,Authoritarian regimes,Authoritarian regimes,Authoritarian regimes,Authoritarian regimes,Authoritarian regimes,Authoritarian regimes,Authoritarian regimes,Authoritarian regimes,Authoritarian regimes,Authoritarian regimes,Authoritarian regimes,Authoritarian regimes,Authoritarian regimes,Authoritarian regimes
Egypt,EGY,Authoritarian regimes,Hybrid Regime,Hybrid Regime,Hybrid Regime,Authoritarian regimes,Authoritarian regimes,Authoritarian regimes,Authoritarian regimes,Authoritarian regimes,Authoritarian regimes,Authoritarian regimes,Flawed Democracy,Authoritarian regimes,Authoritarian regimes,Flawed Democracy,Authoritarian regimes,Authoritarian regimes,Authoritarian regimes,Hybrid Regime,Authoritarian regimes,Authoritarian regimes,Authoritarian regimes
Eritrea,ERI,Authoritarian regimes,Authoritarian regimes,Authoritarian regimes,Authoritarian regimes,Hybrid Regime,Hybrid Regime,Hybrid Regime,Hybrid Regime,Hybrid Regime,Hybrid Regime,Hybrid Regime,Authoritarian regimes,Hybrid Regime,No Data,No Data,No Data,No Data,No Data,No Data,No Data,No Data,No Data
Spain,ESP,Flawed Democracy,Hybrid Regime,Hybrid Regime,Democracy,Hybrid Regime,Flawed Democracy,Flawed Democracy,Flawed Democracy,Flawed Democracy,Flawed Democracy,Flawed Democracy,Democracy,Flawed Democracy,Flawed Democracy,Democracy,Flawed Democracy,Flawed Democracy,Flawed Democracy,Democracy,Flawed Democracy,Flawed Democracy,Democracy
Estonia,EST,Democracy,Hybrid Regime,Hybrid Regime,Democracy,Hybrid Regime,Hybrid Regime,Hybrid Regime,Hybrid Regime,Hybrid Regime,Hybrid Regime,Hybrid Regime,Democracy,Hybrid Regime,Hybrid Regime,Flawed Democracy,Hybrid Regime,Hybrid Regime,Hybrid Regime,Flawed Democracy,Hybrid Regime,Hybrid Regime,Flawed Democracy
Ethiopia,ETH,Authoritarian regimes,Authoritarian regimes,Hybrid Regime,Hybrid Regime,Authoritarian regimes,Authoritarian regimes,Authoritarian regimes,Authoritarian regimes,Authoritarian regimes,Authoritarian regimes,Authoritarian regimes,Authoritarian regimes,Authoritarian regimes,Authoritarian regimes,Authoritarian regimes,Authoritarian regimes,Authoritarian regimes,Authoritarian regimes,Authoritarian regimes,Authoritarian regimes,Authoritarian regimes,Authoritarian regimes
Finland,FIN,Democracy,Democracy,Democracy,Democracy,Flawed Democracy,Flawed Democracy,Flawed Democracy,Flawed Democracy,Flawed Democracy,Flawed Democracy,Democracy,Democracy,Democracy,Democracy,Democracy,Democracy,Democracy,Democracy,Democracy,Democracy,Democracy,Democracy
Fiji,FJI,Flawed Democracy,Democracy,Democracy,Democracy,Democracy,Democracy,Democracy,No Data,No Data,Democracy,Democracy,Democracy,Democracy,No Data,No Data,No Data,No Data,No Data,No Data,No Data,No Data,No Data
France,FRA,Democracy,Flawed Democracy,Flawed Democracy,Democracy,Flawed Democracy,Flawed Democracy,Flawed Democracy,Flawed Democracy,Flawed Democracy,Flawed Democracy,Flawed Democracy,Democracy,Flawed Democracy,Flawed Democracy,Democracy,Flawed Democracy,Flawed Democracy,Flawed Democracy,Democracy,Flawed Democracy,Flawed Democracy,Flawed Democracy
Gabon,GAB,Authoritarian regimes,Authoritarian regimes,Authoritarian regimes,Hybrid Regime,Authoritarian regimes,Authoritarian regimes,Authoritarian regimes,Authoritarian regimes,Authoritarian regimes,Authoritarian regimes,Authoritarian regimes,Authoritarian regimes,Authoritarian regimes,Authoritarian regimes,Hybrid Regime,Authoritarian regimes,Authoritarian regimes,Authoritarian regimes,Hybrid Regime,Authoritarian regimes,Authoritarian regimes,Authoritarian regimes
United Kingdom,GBR,Democracy,Democracy,Democracy,Democracy,Flawed Democracy,Flawed Democracy,Flawed Democracy,Flawed Democracy,Flawed Democracy,Flawed Democracy,Flawed Democracy,Democracy,Flawed Democracy,Democracy,Democracy,Democracy,Democracy,Democracy,Democracy,Democracy,Democracy,Flawed Democracy
Georgia,GEO,Hybrid Regime,Flawed Democracy,Hybrid Regime,Flawed Democracy,Hybrid Regime,Authoritarian regimes,Authoritarian regimes,Authoritarian regimes,Authoritarian regimes,Authoritarian regimes,Authoritarian regimes,Hybrid Regime,Hybrid Regime,No Data,No Data,No Data,No Data,No Data,No Data,No Data,No Data,No Data
Ghana,GHA,Hybrid Regime,Hybrid Regime,Flawed Democracy,Hybrid Regime,Hybrid Regime,Hybrid Regime,Hybrid Regime,Hybrid Regime,Hybrid Regime,Hybrid Regime,Hybrid Regime,Hybrid Regime,Hybrid Regime,Authoritarian regimes,Hybrid Regime,Authoritarian regimes,Authoritarian regimes,Authoritarian regimes,Hybrid Regime,Authoritarian regimes,Authoritarian regimes,Authoritarian regimes
Guinea,GIN,Authoritarian regimes,Authoritarian regimes,Authoritarian regimes,Authoritarian regimes,Authoritarian regimes,Authoritarian regimes,Authoritarian regimes,Authoritarian regimes,Authoritarian regimes,Authoritarian regimes,Authoritarian regimes,Authoritarian regimes,Authoritarian regimes,No Data,No Data,No Data,No Data,No Data,No Data,No Data,No Data,No Data
Gambia,GMB,Hybrid Regime,Authoritarian regimes,Authoritarian regimes,Authoritarian regimes,Authoritarian regimes,Authoritarian regimes,Authoritarian regimes,Authoritarian regimes,Authoritarian regimes,Authoritarian regimes,Authoritarian regimes,Hybrid Regime,Authoritarian regimes,No Data,No Data,No Data,No Data,No Data,No Data,No Data,No Data,No Data
Guinea-Bissau,GNB,Authoritarian regimes,Democracy,Democracy,Democracy,Democracy,Democracy,Democracy,No Data,No Data,Democracy,Democracy,Democracy,Democracy,No Data,No Data,No Data,No Data,No Data,No Data,No Data,No Data,No Data
Equatorial Guinea,GNQ,Authoritarian regimes,Authoritarian regimes,Authoritarian regimes,Authoritarian regimes,Authoritarian regimes,Authoritarian regimes,Authoritarian regimes,Authoritarian regimes,Authoritarian regimes,Authoritarian regimes,Authoritarian regimes,Authoritarian regimes,Authoritarian regimes,Authoritarian regimes,Authoritarian regimes,Authoritarian regimes,Authoritarian regimes,Authoritarian regimes,Authoritarian regimes,Authoritarian regimes,Authoritarian regimes,Authoritarian regimes
Greece,GRC,Flawed Democracy,Authoritarian regimes,Authoritarian regimes,Flawed Democracy,Authoritarian regimes,Authoritarian regimes,Authoritarian regimes,Authoritarian regimes,Authoritarian regimes,Hybrid Regime,Hybrid Regime,Flawed Democracy,Hybrid Regime,Hybrid Regime,Flawed Democracy,Hybrid Regime,Hybrid Regime,Hybrid Regime,Democracy,Flawed Democracy,Flawed Democracy,Flawed Democracy
Greenland,GRL,Democracy,Flawed Democracy,Flawed Democracy,Democracy,Flawed Democracy,Flawed Democracy,Flawed Democracy,Flawed Democracy,Flawed Democracy,Flawed Democracy,No Data,No Data,No Data,No Data,No Data,No Data,No Data,No Data,No Data,No Data,No Data,No Data
Guatemala,GTM,Authoritarian regimes,Authoritarian regimes,Authoritarian regimes,Authoritarian regimes,Authoritarian regimes,Authoritarian regimes,Authoritarian regimes,Authoritarian regimes,Authoritarian regimes,Authoritarian regimes,Authoritarian regimes,Authoritarian regimes,Authoritarian regimes,Authoritarian regimes,Authoritarian regimes,Authoritarian regimes,Authoritarian regimes,Authoritarian regimes,Authoritarian regimes,Authoritarian regimes,Authoritarian regimes,Authoritarian regimes
French Guiana,GUF,Democracy,Flawed Democracy,Flawed Democracy,Democracy,Flawed Democracy,Flawed Democracy,Flawed Democracy,Flawed Democracy,Flawed Democracy,Flawed Democracy,No Data,No Data,No Data,No Data,No Data,No Data,No Data,No Data,No Data,No Data,No Data,No Data
Guyana,GUY,Hybrid Regime,Authoritarian regimes,Authoritarian regimes,Hybrid Regime,Authoritarian regimes,Authoritarian regimes,Authoritarian regimes,Authoritarian regimes,Authoritarian regimes,Authoritarian regimes,Authoritarian regimes,Hybrid Regime,Authoritarian regimes,No Data,No Data,No Data,No Data,No Data,No Data,No Data,No Data,No Data
"Hong Kong SAR, China",HKG,Flawed Democracy,Flawed Democracy,Flawed Democracy,Democracy,Flawed Democracy,Flawed Democracy,Flawed Democracy,Democracy,Democracy,Democracy,Democracy,Democracy,Democracy,Democracy,Democracy,Democracy,Democracy,Democracy,Hybrid Regime,Flawed Democracy,Flawed Democracy,Hybrid Regime
Honduras,HND,Authoritarian regimes,Authoritarian regimes,Authoritarian regimes,Authoritarian regimes,Authoritarian regimes,Authoritarian regimes,Authoritarian regimes,Authoritarian regimes,Authoritarian regimes,Authoritarian regimes,Authoritarian regimes,Authoritarian regimes,Authoritarian regimes,Authoritarian regimes,Authoritarian regimes,Authoritarian regimes,Authoritarian regimes,Authoritarian regimes,Authoritarian regimes,Authoritarian regimes,Authoritarian regimes,Authoritarian regimes
Croatia,HRV,Flawed Democracy,Hybrid Regime,Hybrid Regime,Hybrid Regime,Hybrid Regime,Hybrid Regime,Hybrid Regime,Hybrid Regime,Hybrid Regime,Hybrid Regime,Hybrid Regime,Hybrid Regime,Hybrid Regime,Hybrid Regime,Hybrid Regime,Hybrid Regime,Hybrid Regime,Hybrid Regime,Hybrid Regime,Authoritarian regimes,Authoritarian regimes,Authoritarian regimes
Haiti,HTI,Authoritarian regimes,Authoritarian regimes,Authoritarian regimes,Authoritarian regimes,Authoritarian regimes,Authoritarian regimes,Authoritarian regimes,Authoritarian regimes,Authoritarian regimes,Authoritarian regimes,Authoritarian regimes,Authoritarian regimes,Authoritarian regimes,No Data,No Data,No Data,No Data,No Data,No Data,No Data,No Data,No Data
Hungary,HUN,Flawed Democracy,Hybrid Regime,Hybrid Regime,Flawed Democracy,Hybrid Regime,Hybrid Regime,Hybrid Regime,Hybrid Regime,Hybrid Regime,Hybrid Regime,Hybrid Regime,Flawed Democracy,Hybrid Regime,Hybrid Regime,Flawed Democracy,Hybrid Regime,Hybrid Regime,Hybrid Regime,Flawed Democracy,Hybrid Regime,Hybrid Regime,Flawed Democracy
Indonesia,IDN,Hybrid Regime,Authoritarian regimes,Authoritarian regimes,Authoritarian regimes,Authoritarian regimes,Authoritarian regimes,Authoritarian regimes,Authoritarian regimes,Authoritarian regimes,Authoritarian regimes,Authoritarian regimes,Authoritarian regimes,Authoritarian regimes,Authoritarian regimes,Authoritarian regimes,Authoritarian regimes,Authoritarian regimes,Authoritarian regimes,Authoritarian regimes,Authoritarian regimes,Authoritarian regimes,Authoritarian regimes
India,IND,Flawed Democracy,Authoritarian regimes,Authoritarian regimes,Hybrid Regime,Authoritarian regimes,Authoritarian regimes,Authoritarian regimes,Authoritarian regimes,Authoritarian regimes,Authoritarian regimes,Authoritarian regimes,Hybrid Regime,Authoritarian regimes,Authoritarian regimes,Hybrid Regime,Authoritarian regimes,Authoritarian regimes,Authoritarian regimes,Flawed Democracy,Authoritarian regimes,Authoritarian regimes,Authoritarian regimes
Ireland,IRL,Democracy,Flawed Democracy,Flawed Democracy,Democracy,Flawed Democracy,Flawed Democracy,Flawed Democracy,Flawed Democracy,Democracy,Democracy,Democracy,Democracy,Democracy,Democracy,Democracy,Flawed Democracy,Democracy,Flawed Democracy,Democracy,Flawed Democracy,Flawed Democracy,Flawed Democracy
Iran,IRN,Authoritarian regimes,Authoritarian regimes,Authoritarian regimes,Authoritarian regimes,Authoritarian regimes,Authoritarian regimes,Authoritarian regimes,Authoritarian regimes,Authoritarian regimes,Authoritarian regimes,Authoritarian regimes,Authoritarian regimes,Authoritarian regimes,Authoritarian regimes,Authoritarian regimes,Authoritarian regimes,Authoritarian regimes,Authoritarian regimes,Authoritarian regimes,Authoritarian regimes,Authoritarian regimes,Authoritarian regimes
Iraq,IRQ,Authoritarian regimes,Authoritarian regimes,Authoritarian regimes,Authoritarian regimes,Authoritarian regimes,Authoritarian regimes,Authoritarian regimes,Authoritarian regimes,Authoritarian regimes,Authoritarian regimes,Authoritarian regimes,Authoritarian regimes,Authoritarian regimes,Authoritarian regimes,Authoritarian regimes,Authoritarian regimes,Authoritarian regimes,Authoritarian regimes,Authoritarian regimes,Authoritarian regimes,Authoritarian regimes,Authoritarian regimes
Iceland,ISL,Democracy,Flawed Democracy,Democracy,Democracy,Flawed Democracy,Democracy,Democracy,Democracy,Democracy,Democracy,Democracy,Democracy,Flawed Democracy,No Data,No Data,No Data,No Data,No Data,No Data,No Data,No Data,No Data
Israel,ISR,Flawed Democracy,Hybrid Regime,Democracy,Flawed Democracy,Hybrid Regime,Hybrid Regime,Hybrid Regime,Hybrid Regime,Hybrid Regime,Hybrid Regime,Hybrid Regime,Flawed Democracy,Hybrid Regime,Hybrid Regime,Flawed Democracy,Hybrid Regime,Hybrid Regime,Flawed Democracy,Democracy,Hybrid Regime,Flawed Democracy,Flawed Democracy
Italy,ITA,Democracy,Authoritarian regimes,Authoritarian regimes,Hybrid Regime,Authoritarian regimes,Authoritarian regimes,Authoritarian regimes,Authoritarian regimes,Authoritarian regimes,Hybrid Regime,Hybrid Regime,Flawed Democracy,Hybrid Regime,Hybrid Regime,Flawed Democracy,Hybrid Regime,Hybrid Regime,Hybrid Regime,Flawed Democracy,Hybrid Regime,Hybrid Regime,Flawed Democracy
Jamaica,JAM,Flawed Democracy,Authoritarian regimes,Authoritarian regimes,Hybrid Regime,Authoritarian regimes,Authoritarian regimes,Authoritarian regimes,Authoritarian regimes,Authoritarian regimes,Authoritarian regimes,Authoritarian regimes,Hybrid Regime,Authoritarian regimes,Authoritarian regimes,Hybrid Regime,Authoritarian regimes,Authoritarian regimes,Authoritarian regimes,Authoritarian regimes,Authoritarian regimes,Authoritarian regimes,Hybrid Regime
Jordan,JOR,Authoritarian regimes,Hybrid Regime,Hybrid Regime,Hybrid Regime,Hybrid Regime,Hybrid Regime,Authoritarian regimes,Authoritarian regimes,Authoritarian regimes,Authoritarian regimes,Authoritarian regimes,Hybrid Regime,Authoritarian regimes,Authoritarian regimes,Hybrid Regime,Authoritarian regimes,Authoritarian regimes,Authoritarian regimes,Hybrid Regime,Authoritarian regimes,Authoritarian regimes,Authoritarian regimes
Japan,JPN,Flawed Democracy,Flawed Democracy,Flawed Democracy,Democracy,Flawed Democracy,Flawed Democracy,Flawed Democracy,Flawed Democracy,Flawed Democracy,Flawed Democracy,Flawed Democracy,Flawed Democracy,Hybrid Regime,Hybrid Regime,Flawed Democracy,Hybrid Regime,Hybrid Regime,Hybrid Regime,Flawed Democracy,Hybrid Regime,Hybrid Regime,Authoritarian regimes
Kazakhstan,KAZ,Authoritarian regimes,Authoritarian regimes,Authoritarian regimes,Authoritarian regimes,Authoritarian regimes,Authoritarian regimes,Authoritarian regimes,Authoritarian regimes,Authoritarian regimes,Authoritarian regimes,Authoritarian regimes,Authoritarian regimes,Authoritarian regimes,Authoritarian regimes,Authoritarian regimes,Authoritarian regimes,Authoritarian regimes,Authoritarian regimes,Authoritarian regimes,Authoritarian regimes,Authoritarian regimes,Authoritarian regimes
Kenya,KEN,Hybrid Regime,Authoritarian regimes,Authoritarian regimes,Authoritarian regimes,Authoritarian regimes,Authoritarian regimes,Authoritarian regimes,Authoritarian regimes,Authoritarian regimes,Authoritarian regimes,Authoritarian regimes,Authoritarian regimes,Authoritarian regimes,Authoritarian regimes,Authoritarian regimes,Authoritarian regimes,Authoritarian regimes,Authoritarian regimes,Authoritarian regimes,Authoritarian regimes,Authoritarian regimes,Authoritarian regimes
Kyrgyz Republic,KGZ,Hybrid Regime,Authoritarian regimes,Authoritarian regimes,Authoritarian regimes,Authoritarian regimes,Authoritarian regimes,Authoritarian regimes,Authoritarian regimes,Authoritarian regimes,Authoritarian regimes,Authoritarian regimes,Authoritarian regimes,Authoritarian regimes,No Data,No Data,No Data,No Data,No Data,No Data,No Data,No Data,No Data
Cambodia,KHM,Authoritarian regimes,Authoritarian regimes,Authoritarian regimes,Authoritarian regimes,Authoritarian regimes,Authoritarian regimes,Authoritarian regimes,Authoritarian regimes,Authoritarian regimes,Authoritarian regimes,Authoritarian regimes,Authoritarian regimes,Authoritarian regimes,Authoritarian regimes,Authoritarian regimes,Authoritarian regimes,Authoritarian regimes,Authoritarian regimes,Authoritarian regimes,Authoritarian regimes,Authoritarian regimes,Authoritarian regimes
Korea,KOR,Flawed Democracy,Hybrid Regime,Hybrid Regime,Flawed Democracy,Hybrid Regime,Hybrid Regime,Hybrid Regime,Hybrid Regime,Hybrid Regime,Hybrid Regime,Hybrid Regime,Flawed Democracy,Hybrid Regime,Hybrid Regime,Flawed Democracy,Hybrid Regime,Hybrid Regime,Hybrid Regime,Flawed Democracy,Hybrid Regime,Hybrid Regime,Authoritarian regimes
Kuwait,KWT,Authoritarian regimes,Authoritarian regimes,Authoritarian regimes,Flawed Democracy,Authoritarian regimes,Authoritarian regimes,Authoritarian regimes,Authoritarian regimes,Hybrid Regime,Hybrid Regime,Hybrid Regime,Flawed Democracy,Hybrid Regime,Flawed Democracy,Flawed Democracy,Flawed Democracy,Flawed Democracy,Flawed Democracy,Hybrid Regime,Hybrid Regime,Hybrid Regime,Hybrid Regime
Lao PDR,LAO,Authoritarian regimes,Authoritarian regimes,Authoritarian regimes,Authoritarian regimes,Authoritarian regimes,Authoritarian regimes,Authoritarian regimes,Authoritarian regimes,Authoritarian regimes,Authoritarian regimes,Authoritarian regimes,Authoritarian regimes,Authoritarian regimes,No Data,No Data,No Data,No Data,No Data,No Data,No Data,No Data,No Data
Lebanon,LBN,Authoritarian regimes,Authoritarian regimes,Authoritarian regimes,Authoritarian regimes,Authoritarian regimes,Authoritarian regimes,Authoritarian regimes,Authoritarian regimes,Authoritarian regimes,Authoritarian regimes,Authoritarian regimes,Hybrid Regime,Authoritarian regimes,Authoritarian regimes,Hybrid Regime,Authoritarian regimes,Authoritarian regimes,Authoritarian regimes,Hybrid Regime,Authoritarian regimes,Authoritarian regimes,Hybrid Regime
Liberia,LBR,Hybrid Regime,Authoritarian regimes,Authoritarian regimes,Authoritarian regimes,Authoritarian regimes,Authoritarian regimes,Authoritarian regimes,Authoritarian regimes,Authoritarian regimes,Authoritarian regimes,Democracy,Democracy,Democracy,No Data,No Data,No Data,No Data,No Data,No Data,No Data,No Data,No Data
Libya,LBY,Authoritarian regimes,Authoritarian regimes,Authoritarian regimes,Authoritarian regimes,Authoritarian regimes,Authoritarian regimes,Authoritarian regimes,Authoritarian regimes,Authoritarian regimes,Authoritarian regimes,Authoritarian regimes,Authoritarian regimes,Authoritarian regimes,Authoritarian regimes,Authoritarian regimes,Authoritarian regimes,Authoritarian regimes,Authoritarian regimes,Authoritarian regimes,Authoritarian regimes,Authoritarian regimes,Authoritarian regimes
Liechtenstein,LIE,Democracy,Democracy,Democracy,Democracy,Democracy,Democracy,Democracy,Democracy,Democracy,Democracy,No Data,No Data,No Data,No Data,No Data,No Data,No Data,No Data,No Data,No Data,No Data,No Data
Sri Lanka,LKA,Flawed Democracy,Authoritarian regimes,Authoritarian regimes,Flawed Democracy,Authoritarian regimes,Authoritarian regimes,Authoritarian regimes,Authoritarian regimes,Authoritarian regimes,Authoritarian regimes,Authoritarian regimes,Flawed Democracy,Authoritarian regimes,Authoritarian regimes,Flawed Democracy,Authoritarian regimes,Authoritarian regimes,Authoritarian regimes,Hybrid Regime,Authoritarian regimes,Authoritarian regimes,Authoritarian regimes
Lesotho,LSO,Flawed Democracy,Hybrid Regime,Hybrid Regime,Hybrid Regime,Hybrid Regime,Hybrid Regime,Hybrid Regime,Hybrid Regime,Hybrid Regime,Hybrid Regime,Hybrid Regime,Hybrid Regime,Hybrid Regime,No Data,No Data,No Data,No Data,No Data,No Data,No Data,No Data,No Data
Lithuania,LTU,Flawed Democracy,Hybrid Regime,Hybrid Regime,Flawed Democracy,Hybrid Regime,Hybrid Regime,Hybrid Regime,Hybrid Regime,Hybrid Regime,Authoritarian regimes,Authoritarian regimes,Flawed Democracy,Authoritarian regimes,Hybrid Regime,Flawed Democracy,Hybrid Regime,Authoritarian regimes,Authoritarian regimes,Hybrid Regime,Authoritarian regimes,Authoritarian regimes,Hybrid Regime
Luxembourg,LUX,Democracy,Democracy,Democracy,Democracy,Democracy,Democracy,Democracy,Democracy,Democracy,Democracy,Democracy,Democracy,Democracy,No Data,No Data,No Data,No Data,No Data,No Data,No Data,No Data,No Data
Latvia,LVA,Flawed Democracy,Hybrid Regime,Hybrid Regime,Flawed Democracy,Hybrid Regime,Hybrid Regime,Hybrid Regime,Hybrid Regime,Hybrid Regime,Hybrid Regime,Hybrid Regime,Flawed Democracy,Hybrid Regime,Hybrid Regime,Flawed Democracy,Authoritarian regimes,Authoritarian regimes,Authoritarian regimes,Hybrid Regime,Authoritarian regimes,Authoritarian regimes,Hybrid Regime
Kosovo,KSV,Hybrid Regime,Authoritarian regimes,Authoritarian regimes,Authoritarian regimes,Authoritarian regimes,Authoritarian regimes,Authoritarian regimes,Authoritarian regimes,Authoritarian regimes,No Data,No Data,No Data,No Data,No Data,No Data,No Data,No Data,No Data,No Data,No Data,No Data,No Data
"Macao SAR, China",MAC,Hybrid Regime,Hybrid Regime,Hybrid Regime,Flawed Democracy,Hybrid Regime,Hybrid Regime,Hybrid Regime,Hybrid Regime,Hybrid Regime,Hybrid Regime,No Data,No Data,No Data,No Data,No Data,No Data,No Data,No Data,No Data,No Data,No Data,No Data
Morocco,MAR,Authoritarian regimes,Authoritarian regimes,Authoritarian regimes,Hybrid Regime,Authoritarian regimes,Authoritarian regimes,Authoritarian regimes,Authoritarian regimes,Authoritarian regimes,Authoritarian regimes,Authoritarian regimes,Hybrid Regime,Authoritarian regimes,Authoritarian regimes,Hybrid Regime,Authoritarian regimes,Authoritarian regimes,Authoritarian regimes,Hybrid Regime,Authoritarian regimes,Hybrid Regime,Hybrid Regime
Moldova,MDA,Hybrid Regime,Authoritarian regimes,Authoritarian regimes,Authoritarian regimes,Authoritarian regimes,Authoritarian regimes,Authoritarian regimes,Authoritarian regimes,Authoritarian regimes,Authoritarian regimes,Authoritarian regimes,Authoritarian regimes,Authoritarian regimes,Authoritarian regimes,Hybrid Regime,Authoritarian regimes,Authoritarian regimes,Authoritarian regimes,Authoritarian regimes,Authoritarian regimes,Authoritarian regimes,Authoritarian regimes
Madagascar,MDG,Hybrid Regime,Authoritarian regimes,Authoritarian regimes,Authoritarian regimes,Authoritarian regimes,Hybrid Regime,Hybrid Regime,Hybrid Regime,Hybrid Regime,Hybrid Regime,Authoritarian regimes,Hybrid Regime,Authoritarian regimes,No Data,No Data,No Data,No Data,No Data,No Data,No Data,No Data,No Data
Mexico,MEX,Hybrid Regime,Authoritarian regimes,Authoritarian regimes,Hybrid Regime,Authoritarian regimes,Authoritarian regimes,Authoritarian regimes,Authoritarian regimes,Authoritarian regimes,Authoritarian regimes,Authoritarian regimes,Hybrid Regime,Authoritarian regimes,Authoritarian regimes,Hybrid Regime,Authoritarian regimes,Authoritarian regimes,Authoritarian regimes,Hybrid Regime,Authoritarian regimes,Authoritarian regimes,Authoritarian regimes
Macedonia,MKD,Hybrid Regime,Authoritarian regimes,Authoritarian regimes,Authoritarian regimes,Authoritarian regimes,Authoritarian regimes,Authoritarian regimes,Authoritarian regimes,Authoritarian regimes,Authoritarian regimes,Authoritarian regimes,Authoritarian regimes,Authoritarian regimes,Authoritarian regimes,Hybrid Regime,Authoritarian regimes,Authoritarian regimes,Authoritarian regimes,Authoritarian regimes,Authoritarian regimes,Authoritarian regimes,Authoritarian regimes
Mali,MLI,Hybrid Regime,Authoritarian regimes,Authoritarian regimes,Hybrid Regime,Authoritarian regimes,Authoritarian regimes,Authoritarian regimes,Authoritarian regimes,Authoritarian regimes,Authoritarian regimes,Democracy,Democracy,Democracy,No Data,No Data,No Data,No Data,No Data,No Data,No Data,No Data,No Data
Malta,MLT,Democracy,Flawed Democracy,Flawed Democracy,Democracy,Flawed Democracy,Flawed Democracy,Flawed Democracy,Flawed Democracy,Flawed Democracy,Flawed Democracy,Flawed Democracy,Democracy,Flawed Democracy,No Data,No Data,No Data,No Data,No Data,No Data,No Data,No Data,No Data
Myanmar,MMR,Authoritarian regimes,Authoritarian regimes,Authoritarian regimes,Authoritarian regimes,Authoritarian regimes,Authoritarian regimes,Authoritarian regimes,Authoritarian regimes,Authoritarian regimes,Authoritarian regimes,Authoritarian regimes,Authoritarian regimes,Authoritarian regimes,Authoritarian regimes,Authoritarian regimes,Authoritarian regimes,Authoritarian regimes,Authoritarian regimes,Authoritarian regimes,Authoritarian regimes,Authoritarian regimes,Authoritarian regimes
Mongolia,MNG,Hybrid Regime,Authoritarian regimes,Authoritarian regimes,Hybrid Regime,Authoritarian regimes,Authoritarian regimes,Authoritarian regimes,Authoritarian regimes,Authoritarian regimes,Authoritarian regimes,Democracy,Democracy,Democracy,No Data,No Data,No Data,No Data,No Data,No Data,No Data,No Data,No Data
Montenegro,MNE,Hybrid Regime,Authoritarian regimes,Authoritarian regimes,Hybrid Regime,Authoritarian regimes,Authoritarian regimes,Authoritarian regimes,Authoritarian regimes,Authoritarian regimes,Democracy,Democracy,Democracy,Democracy,No Data,No Data,No Data,No Data,No Data,No Data,No Data,No Data,No Data
Mozambique,MOZ,Authoritarian regimes,Authoritarian regimes,Authoritarian regimes,Authoritarian regimes,Authoritarian regimes,Authoritarian regimes,Authoritarian regimes,Authoritarian regimes,Authoritarian regimes,Authoritarian regimes,Hybrid Regime,Hybrid Regime,Authoritarian regimes,Authoritarian regimes,Authoritarian regimes,Authoritarian regimes,Authoritarian regimes,Authoritarian regimes,Authoritarian regimes,Authoritarian regimes,Authoritarian regimes,Hybrid Regime
Mauritania,MRT,Authoritarian regimes,Authoritarian regimes,Authoritarian regimes,Authoritarian regimes,Authoritarian regimes,Authoritarian regimes,Authoritarian regimes,Authoritarian regimes,Authoritarian regimes,Authoritarian regimes,Democracy,Democracy,Democracy,No Data,No Data,No Data,No Data,No Data,No Data,No Data,No Data,No Data
Mauritius,MUS,Flawed Democracy,Hybrid Regime,Hybrid Regime,Flawed Democracy,Hybrid Regime,Hybrid Regime,Hybrid Regime,Hybrid Regime,Hybrid Regime,Hybrid Regime,Hybrid Regime,Flawed Democracy,Hybrid Regime,Hybrid Regime,Democracy,Hybrid Regime,Hybrid Regime,Hybrid Regime,Flawed Democracy,Hybrid Regime,Hybrid Regime,Flawed Democracy
Malawi,MWI,Hybrid Regime,Authoritarian regimes,Authoritarian regimes,Hybrid Regime,Authoritarian regimes,Authoritarian regimes,Authoritarian regimes,Authoritarian regimes,Authoritarian regimes,Authoritarian regimes,Authoritarian regimes,Authoritarian regimes,Authoritarian regimes,Authoritarian regimes,Hybrid Regime,Authoritarian regimes,Authoritarian regimes,Authoritarian regimes,Authoritarian regimes,Authoritarian regimes,Authoritarian regimes,Authoritarian regimes
Malaysia,MYS,Hybrid Regime,Hybrid Regime,Hybrid Regime,Flawed Democracy,Hybrid Regime,Hybrid Regime,Authoritarian regimes,Authoritarian regimes,Authoritarian regimes,Authoritarian regimes,Authoritarian regimes,Flawed Democracy,Authoritarian regimes,Authoritarian regimes,Flawed Democracy,Authoritarian regimes,Authoritarian regimes,Authoritarian regimes,Hybrid Regime,Authoritarian regimes,Hybrid Regime,Authoritarian regimes
Namibia,NAM,Flawed Democracy,Hybrid Regime,Hybrid Regime,Flawed Democracy,Hybrid Regime,Hybrid Regime,Hybrid Regime,Hybrid Regime,Hybrid Regime,Hybrid Regime,Hybrid Regime,Flawed Democracy,Hybrid Regime,Authoritarian regimes,Hybrid Regime,Authoritarian regimes,Authoritarian regimes,Authoritarian regimes,Hybrid Regime,Hybrid Regime,Hybrid Regime,Hybrid Regime
Niger,NER,Authoritarian regimes,Authoritarian regimes,Authoritarian regimes,Authoritarian regimes,Authoritarian regimes,Authoritarian regimes,Authoritarian regimes,Authoritarian regimes,Authoritarian regimes,Authoritarian regimes,Democracy,Democracy,Democracy,No Data,No Data,No Data,No Data,No Data,No Data,No Data,No Data,No Data
Nigeria,NGA,Authoritarian regimes,Authoritarian regimes,Authoritarian regimes,Authoritarian regimes,Authoritarian regimes,Authoritarian regimes,Authoritarian regimes,Authoritarian regimes,Authoritarian regimes,Authoritarian regimes,Authoritarian regimes,Authoritarian regimes,Authoritarian regimes,Authoritarian regimes,Authoritarian regimes,Authoritarian regimes,Authoritarian regimes,Authoritarian regimes,Authoritarian regimes,Authoritarian regimes,Authoritarian regimes,Authoritarian regimes
Nicaragua,NIC,Authoritarian regimes,Authoritarian regimes,Authoritarian regimes,Authoritarian regimes,Authoritarian regimes,Authoritarian regimes,Authoritarian regimes,Authoritarian regimes,Authoritarian regimes,Authoritarian regimes,Authoritarian regimes,Hybrid Regime,Authoritarian regimes,Authoritarian regimes,Authoritarian regimes,Authoritarian regimes,Authoritarian regimes,Authoritarian regimes,Authoritarian regimes,Authoritarian regimes,Authoritarian regimes,Hybrid Regime
Netherlands,NLD,Democracy,Flawed Democracy,Flawed Democracy,Democracy,Democracy,Democracy,Democracy,Democracy,Democracy,Democracy,Democracy,Democracy,Democracy,Democracy,Democracy,Democracy,Democracy,Democracy,Democracy,Democracy,Democracy,Democracy
Norway,NOR,Democracy,Democracy,Democracy,Democracy,Democracy,Democracy,Democracy,Democracy,Democracy,Democracy,Democracy,Democracy,Democracy,Democracy,Democracy,Flawed Democracy,Democracy,Democracy,Democracy,Democracy,Democracy,Democracy
Nepal,NPL,Authoritarian regimes,Authoritarian regimes,Authoritarian regimes,Authoritarian regimes,Authoritarian regimes,Authoritarian regimes,Authoritarian regimes,Authoritarian regimes,Authoritarian regimes,Authoritarian regimes,Democracy,Democracy,Democracy,Authoritarian regimes,Authoritarian regimes,Authoritarian regimes,No Data,No Data,No Data,No Data,No Data,No Data
New Zealand,NZL,Democracy,Democracy,Democracy,Democracy,Democracy,Democracy,Democracy,Democracy,Democracy,Democracy,Democracy,Democracy,Democracy,Democracy,Democracy,Democracy,Democracy,Democracy,Democracy,Democracy,Democracy,Democracy
Oman,OMN,Authoritarian regimes,Hybrid Regime,Hybrid Regime,Flawed Democracy,Hybrid Regime,Authoritarian regimes,Authoritarian regimes,Authoritarian regimes,Hybrid Regime,Hybrid Regime,Hybrid Regime,Flawed Democracy,Hybrid Regime,Hybrid Regime,Flawed Democracy,Hybrid Regime,Hybrid Regime,Hybrid Regime,Flawed Democracy,Hybrid Regime,Hybrid Regime,Authoritarian regimes
Pakistan,PAK,Authoritarian regimes,Authoritarian regimes,Authoritarian regimes,Authoritarian regimes,Authoritarian regimes,Authoritarian regimes,Authoritarian regimes,Authoritarian regimes,Authoritarian regimes,Authoritarian regimes,Authoritarian regimes,Authoritarian regimes,Authoritarian regimes,Authoritarian regimes,Authoritarian regimes,Authoritarian regimes,Authoritarian regimes,Authoritarian regimes,Authoritarian regimes,Authoritarian regimes,Authoritarian regimes,Authoritarian regimes
Panama,PAN,Flawed Democracy,Authoritarian regimes,Authoritarian regimes,Hybrid Regime,Authoritarian regimes,Authoritarian regimes,Authoritarian regimes,Authoritarian regimes,Authoritarian regimes,Authoritarian regimes,Authoritarian regimes,Flawed Democracy,Authoritarian regimes,Authoritarian regimes,Flawed Democracy,Authoritarian regimes,Authoritarian regimes,Authoritarian regimes,Hybrid Regime,Authoritarian regimes,Authoritarian regimes,Hybrid Regime
Peru,PER,Hybrid Regime,Authoritarian regimes,Authoritarian regimes,Authoritarian regimes,Authoritarian regimes,Authoritarian regimes,Authoritarian regimes,Authoritarian regimes,Authoritarian regimes,Authoritarian regimes,Authoritarian regimes,Authoritarian regimes,Authoritarian regimes,Authoritarian regimes,Authoritarian regimes,Authoritarian regimes,Authoritarian regimes,Authoritarian regimes,Authoritarian regimes,Authoritarian regimes,Authoritarian regimes,Hybrid Regime
Philippines,PHL,Hybrid Regime,Authoritarian regimes,Authoritarian regimes,Authoritarian regimes,Authoritarian regimes,Authoritarian regimes,Authoritarian regimes,Authoritarian regimes,Authoritarian regimes,Authoritarian regimes,Authoritarian regimes,Hybrid Regime,Authoritarian regimes,Authoritarian regimes,Hybrid Regime,Authoritarian regimes,Authoritarian regimes,Authoritarian regimes,Hybrid Regime,Authoritarian regimes,Authoritarian regimes,Hybrid Regime
Papua New Guinea,PNG,Hybrid Regime,Authoritarian regimes,Authoritarian regimes,Hybrid Regime,Authoritarian regimes,Authoritarian regimes,Authoritarian regimes,Authoritarian regimes,Authoritarian regimes,Authoritarian regimes,Authoritarian regimes,Hybrid Regime,Authoritarian regimes,Authoritarian regimes,Authoritarian regimes,Authoritarian regimes,Authoritarian regimes,Authoritarian regimes,Authoritarian regimes,Authoritarian regimes,Authoritarian regimes,Hybrid Regime
Poland,POL,Flawed Democracy,Hybrid Regime,Hybrid Regime,Flawed Democracy,Hybrid Regime,Hybrid Regime,Hybrid Regime,Hybrid Regime,Hybrid Regime,Hybrid Regime,Authoritarian regimes,Flawed Democracy,Authoritarian regimes,Authoritarian regimes,Flawed Democracy,Authoritarian regimes,Hybrid Regime,Hybrid Regime,Flawed Democracy,Hybrid Regime,Hybrid Regime,Flawed Democracy
Puerto Rico,PRI,Flawed Democracy,Authoritarian regimes,Authoritarian regimes,Flawed Democracy,Hybrid Regime,Hybrid Regime,Hybrid Regime,Hybrid Regime,Hybrid Regime,Hybrid Regime,No Data,No Data,No Data,No Data,No Data,No Data,No Data,No Data,No Data,No Data,No Data,No Data
Dem. Rep. Korea,PRK,Authoritarian regimes,Authoritarian regimes,Authoritarian regimes,Authoritarian regimes,Authoritarian regimes,Authoritarian regimes,Authoritarian regimes,Authoritarian regimes,Authoritarian regimes,Authoritarian regimes,Democracy,Authoritarian regimes,Authoritarian regimes,Authoritarian regimes,Authoritarian regimes,Authoritarian regimes,No Data,No Data,No Data,No Data,No Data,No Data
Portugal,PRT,Democracy,Hybrid Regime,Flawed Democracy,Democracy,Flawed Democracy,Flawed Democracy,Flawed Democracy,Flawed Democracy,Flawed Democracy,Flawed Democracy,Flawed Democracy,Democracy,Hybrid Regime,Hybrid Regime,Democracy,Flawed Democracy,Flawed Democracy,Flawed Democracy,Democracy,Flawed Democracy,Flawed Democracy,Democracy
Paraguay,PRY,Hybrid Regime,Authoritarian regimes,Authoritarian regimes,Hybrid Regime,Authoritarian regimes,Authoritarian regimes,Authoritarian regimes,Authoritarian regimes,Authoritarian regimes,Authoritarian regimes,Authoritarian regimes,Authoritarian regimes,Authoritarian regimes,Authoritarian regimes,Authoritarian regimes,Authoritarian regimes,Authoritarian regimes,Authoritarian regimes,Authoritarian regimes,Authoritarian regimes,Authoritarian regimes,Authoritarian regimes
Qatar,QAT,Authoritarian regimes,Hybrid Regime,Hybrid Regime,Flawed Democracy,Hybrid Regime,Hybrid Regime,Hybrid Regime,Hybrid Regime,Democracy,Democracy,Flawed Democracy,Flawed Democracy,Hybrid Regime,Hybrid Regime,Flawed Democracy,Hybrid Regime,Hybrid Regime,Hybrid Regime,Flawed Democracy,Hybrid Regime,Hybrid Regime,Authoritarian regimes
Romania,ROM,Hybrid Regime,Authoritarian regimes,Authoritarian regimes,Flawed Democracy,Authoritarian regimes,Authoritarian regimes,Authoritarian regimes,Authoritarian regimes,Authoritarian regimes,Authoritarian regimes,Authoritarian regimes,Hybrid Regime,Authoritarian regimes,Authoritarian regimes,Hybrid Regime,Authoritarian regimes,Authoritarian regimes,Authoritarian regimes,Hybrid Regime,Authoritarian regimes,Authoritarian regimes,Authoritarian regimes
Russia,RUS,Authoritarian regimes,Authoritarian regimes,Authoritarian regimes,Authoritarian regimes,Authoritarian regimes,Authoritarian regimes,Authoritarian regimes,Authoritarian regimes,Authoritarian regimes,Authoritarian regimes,Authoritarian regimes,Authoritarian regimes,Authoritarian regimes,Authoritarian regimes,Authoritarian regimes,Authoritarian regimes,Authoritarian regimes,Authoritarian regimes,Authoritarian regimes,Authoritarian regimes,Authoritarian regimes,Authoritarian regimes
Rwanda,RWA,Authoritarian regimes,Hybrid Regime,Hybrid Regime,Hybrid Regime,Hybrid Regime,Hybrid Regime,Hybrid Regime,Hybrid Regime,Hybrid Regime,Hybrid Regime,Hybrid Regime,Hybrid Regime,Hybrid Regime,No Data,No Data,No Data,No Data,No Data,No Data,No Data,No Data,No Data
Saudi Arabia,SAU,Authoritarian regimes,Hybrid Regime,Hybrid Regime,Flawed Democracy,Hybrid Regime,Authoritarian regimes,Authoritarian regimes,Authoritarian regimes,Authoritarian regimes,Authoritarian regimes,Authoritarian regimes,Hybrid Regime,Authoritarian regimes,Authoritarian regimes,Hybrid Regime,Authoritarian regimes,Authoritarian regimes,Authoritarian regimes,Hybrid Regime,Authoritarian regimes,Authoritarian regimes,Authoritarian regimes
Sudan,SDN,Authoritarian regimes,Authoritarian regimes,Authoritarian regimes,Authoritarian regimes,Authoritarian regimes,Authoritarian regimes,Authoritarian regimes,Authoritarian regimes,Authoritarian regimes,Authoritarian regimes,Authoritarian regimes,Authoritarian regimes,Authoritarian regimes,Authoritarian regimes,Authoritarian regimes,Authoritarian regimes,Authoritarian regimes,Authoritarian regimes,Authoritarian regimes,Authoritarian regimes,Authoritarian regimes,Authoritarian regimes
Senegal,SEN,Hybrid Regime,Hybrid Regime,Hybrid Regime,Authoritarian regimes,Hybrid Regime,Authoritarian regimes,Authoritarian regimes,Authoritarian regimes,Authoritarian regimes,Hybrid Regime,Hybrid Regime,Authoritarian regimes,Authoritarian regimes,Authoritarian regimes,Hybrid Regime,Authoritarian regimes,Authoritarian regimes,Hybrid Regime,Hybrid Regime,Authoritarian regimes,Authoritarian regimes,Authoritarian regimes
Singapore,SGP,Flawed Democracy,Democracy,Democracy,Democracy,Democracy,Democracy,Democracy,Democracy,Democracy,Democracy,Democracy,Democracy,Democracy,Democracy,Democracy,Democracy,Democracy,Democracy,Democracy,Democracy,Democracy,Hybrid Regime
Sierra Leone,SLE,Authoritarian regimes,Authoritarian regimes,Authoritarian regimes,Authoritarian regimes,Authoritarian regimes,Authoritarian regimes,Authoritarian regimes,Authoritarian regimes,Authoritarian regimes,Authoritarian regimes,Democracy,Democracy,Democracy,No Data,No Data,No Data,No Data,No Data,No Data,No Data,No Data,No Data
El Salvador,SLV,Hybrid Regime,Authoritarian regimes,Authoritarian regimes,Authoritarian regimes,Authoritarian regimes,Authoritarian regimes,Authoritarian regimes,Authoritarian regimes,Authoritarian regimes,Authoritarian regimes,Authoritarian regimes,Authoritarian regimes,Authoritarian regimes,Authoritarian regimes,Authoritarian regimes,Authoritarian regimes,Authoritarian regimes,Authoritarian regimes,Authoritarian regimes,Authoritarian regimes,Authoritarian regimes,Authoritarian regimes
Somalia,SOM,Authoritarian regimes,Authoritarian regimes,Authoritarian regimes,Authoritarian regimes,Authoritarian regimes,Authoritarian regimes,Authoritarian regimes,Authoritarian regimes,Authoritarian regimes,Authoritarian regimes,No Data,No Data,No Data,No Data,No Data,No Data,No Data,No Data,No Data,No Data,No Data,No Data
Sï¿½o Tomï¿½ and Principe,STP,Hybrid Regime,Hybrid Regime,Authoritarian regimes,Authoritarian regimes,Authoritarian regimes,Authoritarian regimes,Authoritarian regimes,Authoritarian regimes,Authoritarian regimes,Authoritarian regimes,Authoritarian regimes,Authoritarian regimes,Authoritarian regimes,No Data,No Data,No Data,No Data,No Data,No Data,No Data,No Data,No Data
Suriname,SUR,Hybrid Regime,Authoritarian regimes,Authoritarian regimes,Hybrid Regime,Authoritarian regimes,Authoritarian regimes,Authoritarian regimes,Authoritarian regimes,Authoritarian regimes,Authoritarian regimes,Democracy,Democracy,Democracy,No Data,No Data,No Data,No Data,No Data,No Data,No Data,No Data,No Data
Slovak Republic,SVK,Flawed Democracy,Hybrid Regime,Hybrid Regime,Flawed Democracy,Hybrid Regime,Hybrid Regime,Hybrid Regime,Hybrid Regime,Hybrid Regime,Hybrid Regime,Hybrid Regime,Flawed Democracy,Hybrid Regime,Hybrid Regime,Flawed Democracy,Hybrid Regime,Hybrid Regime,Authoritarian regimes,Hybrid Regime,Authoritarian regimes,Hybrid Regime,Hybrid Regime
Slovenia,SVN,Flawed Democracy,Flawed Democracy,Flawed Democracy,Democracy,Flawed Democracy,Flawed Democracy,Flawed Democracy,Flawed Democracy,Flawed Democracy,Flawed Democracy,Flawed Democracy,Democracy,Flawed Democracy,Flawed Democracy,Democracy,Flawed Democracy,Hybrid Regime,Hybrid Regime,Democracy,Hybrid Regime,Flawed Democracy,Democracy
Sweden,SWE,Democracy,Democracy,Democracy,Democracy,Democracy,Democracy,Democracy,Democracy,Democracy,Democracy,Democracy,Democracy,Democracy,Democracy,Democracy,Democracy,Democracy,Democracy,Democracy,Democracy,Democracy,Democracy
Swaziland,SWZ,Authoritarian regimes,Hybrid Regime,Hybrid Regime,Hybrid Regime,Hybrid Regime,Hybrid Regime,Hybrid Regime,Hybrid Regime,Hybrid Regime,Hybrid Regime,Hybrid Regime,Hybrid Regime,Hybrid Regime,No Data,No Data,No Data,No Data,No Data,No Data,No Data,No Data,No Data
Seychelles,SYC,Hybrid Regime,Flawed Democracy,Flawed Democracy,Hybrid Regime,Hybrid Regime,Hybrid Regime,Hybrid Regime,Hybrid Regime,Hybrid Regime,Hybrid Regime,Hybrid Regime,Hybrid Regime,Hybrid Regime,Hybrid Regime,Flawed Democracy,Hybrid Regime,No Data,No Data,No Data,No Data,No Data,No Data
Syrian Arab Republic,SYR,Authoritarian regimes,Authoritarian regimes,Authoritarian regimes,Authoritarian regimes,Authoritarian regimes,Authoritarian regimes,Authoritarian regimes,Authoritarian regimes,Authoritarian regimes,Authoritarian regimes,Authoritarian regimes,Authoritarian regimes,Authoritarian regimes,Authoritarian regimes,Hybrid Regime,Authoritarian regimes,Authoritarian regimes,Authoritarian regimes,Authoritarian regimes,Authoritarian regimes,Authoritarian regimes,Authoritarian regimes
Chad,TCD,Authoritarian regimes,Authoritarian regimes,Authoritarian regimes,Authoritarian regimes,Authoritarian regimes,Authoritarian regimes,Authoritarian regimes,Authoritarian regimes,Authoritarian regimes,Authoritarian regimes,Authoritarian regimes,Authoritarian regimes,Authoritarian regimes,No Data,No Data,No Data,No Data,No Data,No Data,No Data,No Data,No Data
Togo,TGO,Authoritarian regimes,Authoritarian regimes,Authoritarian regimes,Authoritarian regimes,Authoritarian regimes,Authoritarian regimes,Authoritarian regimes,Authoritarian regimes,Authoritarian regimes,Authoritarian regimes,Authoritarian regimes,Authoritarian regimes,Authoritarian regimes,No Data,No Data,No Data,No Data,No Data,No Data,No Data,No Data,No Data
Thailand,THA,Authoritarian regimes,Authoritarian regimes,Authoritarian regimes,Hybrid Regime,Authoritarian regimes,Authoritarian regimes,Authoritarian regimes,Authoritarian regimes,Authoritarian regimes,Authoritarian regimes,Authoritarian regimes,Authoritarian regimes,Authoritarian regimes,Authoritarian regimes,Hybrid Regime,Authoritarian regimes,Authoritarian regimes,Authoritarian regimes,Flawed Democracy,Authoritarian regimes,Authoritarian regimes,Flawed Democracy
Tajikistan,TJK,Authoritarian regimes,Authoritarian regimes,Authoritarian regimes,Authoritarian regimes,Authoritarian regimes,Authoritarian regimes,Authoritarian regimes,Authoritarian regimes,Authoritarian regimes,Authoritarian regimes,Authoritarian regimes,Authoritarian regimes,Authoritarian regimes,No Data,No Data,No Data,No Data,No Data,No Data,No Data,No Data,No Data
Turkmenistan,TKM,Authoritarian regimes,Authoritarian regimes,Authoritarian regimes,Authoritarian regimes,Authoritarian regimes,Authoritarian regimes,Authoritarian regimes,Authoritarian regimes,Authoritarian regimes,Authoritarian regimes,Authoritarian regimes,Authoritarian regimes,Authoritarian regimes,Authoritarian regimes,No Data,No Data,No Data,No Data,No Data,No Data,No Data,No Data
Timor-Leste,TMP,Hybrid Regime,Authoritarian regimes,Authoritarian regimes,Authoritarian regimes,Authoritarian regimes,Authoritarian regimes,Authoritarian regimes,Authoritarian regimes,Authoritarian regimes,Authoritarian regimes,Democracy,Democracy,Democracy,No Data,No Data,No Data,No Data,No Data,No Data,No Data,No Data,No Data
Trinidad and Tobago,TTO,Flawed Democracy,Authoritarian regimes,Authoritarian regimes,Hybrid Regime,Authoritarian regimes,Authoritarian regimes,Authoritarian regimes,Authoritarian regimes,Authoritarian regimes,Authoritarian regimes,Authoritarian regimes,Hybrid Regime,Authoritarian regimes,Authoritarian regimes,Hybrid Regime,Authoritarian regimes,Authoritarian regimes,Authoritarian regimes,Flawed Democracy,Authoritarian regimes,Hybrid Regime,Flawed Democracy
Tunisia,TUN,Hybrid Regime,Hybrid Regime,Hybrid Regime,Hybrid Regime,Hybrid Regime,Authoritarian regimes,Authoritarian regimes,Authoritarian regimes,Authoritarian regimes,Authoritarian regimes,Authoritarian regimes,Flawed Democracy,Hybrid Regime,Authoritarian regimes,Hybrid Regime,Hybrid Regime,Hybrid Regime,Hybrid Regime,Hybrid Regime,Authoritarian regimes,Authoritarian regimes,Authoritarian regimes
Turkey,TUR,Hybrid Regime,Authoritarian regimes,Authoritarian regimes,Hybrid Regime,Authoritarian regimes,Authoritarian regimes,Authoritarian regimes,Authoritarian regimes,Authoritarian regimes,Authoritarian regimes,Authoritarian regimes,Hybrid Regime,Authoritarian regimes,Authoritarian regimes,Hybrid Regime,Authoritarian regimes,Authoritarian regimes,Authoritarian regimes,Hybrid Regime,Authoritarian regimes,Authoritarian regimes,Hybrid Regime
"Taiwan, China",TWN,Democracy,Flawed Democracy,Flawed Democracy,Flawed Democracy,Flawed Democracy,Hybrid Regime,Hybrid Regime,Hybrid Regime,Hybrid Regime,Hybrid Regime,Hybrid Regime,Democracy,Hybrid Regime,Hybrid Regime,Democracy,Hybrid Regime,Hybrid Regime,Hybrid Regime,Flawed Democracy,Hybrid Regime,Hybrid Regime,Hybrid Regime
Tanzania,TZA,Hybrid Regime,Authoritarian regimes,Authoritarian regimes,Authoritarian regimes,Authoritarian regimes,Authoritarian regimes,Authoritarian regimes,Authoritarian regimes,Authoritarian regimes,Authoritarian regimes,Authoritarian regimes,Authoritarian regimes,Authoritarian regimes,Authoritarian regimes,Authoritarian regimes,Authoritarian regimes,Authoritarian regimes,Authoritarian regimes,Hybrid Regime,Authoritarian regimes,Authoritarian regimes,Authoritarian regimes
Uganda,UGA,Hybrid Regime,Authoritarian regimes,Authoritarian regimes,Hybrid Regime,Authoritarian regimes,Authoritarian regimes,Authoritarian regimes,Authoritarian regimes,Authoritarian regimes,Authoritarian regimes,Authoritarian regimes,Hybrid Regime,Authoritarian regimes,Authoritarian regimes,Authoritarian regimes,Authoritarian regimes,Authoritarian regimes,Authoritarian regimes,Authoritarian regimes,Authoritarian regimes,Authoritarian regimes,Authoritarian regimes
Ukraine,UKR,Hybrid Regime,Authoritarian regimes,Authoritarian regimes,Authoritarian regimes,Authoritarian regimes,Authoritarian regimes,Authoritarian regimes,Authoritarian regimes,Authoritarian regimes,Authoritarian regimes,Authoritarian regimes,Authoritarian regimes,Authoritarian regimes,Authoritarian regimes,Authoritarian regimes,Authoritarian regimes,Authoritarian regimes,Authoritarian regimes,Authoritarian regimes,Authoritarian regimes,Authoritarian regimes,Authoritarian regimes
Uruguay,URY,Democracy,Flawed Democracy,Flawed Democracy,Flawed Democracy,Flawed Democracy,Flawed Democracy,Flawed Democracy,Flawed Democracy,Flawed Democracy,Flawed Democracy,Flawed Democracy,Flawed Democracy,Hybrid Regime,Hybrid Regime,Hybrid Regime,Hybrid Regime,Hybrid Regime,Hybrid Regime,Flawed Democracy,Hybrid Regime,Hybrid Regime,Flawed Democracy
United States,USA,Flawed Democracy,Flawed Democracy,Flawed Democracy,Democracy,Flawed Democracy,Flawed Democracy,Flawed Democracy,Flawed Democracy,Flawed Democracy,Flawed Democracy,Flawed Democracy,Democracy,Flawed Democracy,Flawed Democracy,Democracy,Democracy,Democracy,Democracy,Democracy,Flawed Democracy,Flawed Democracy,Flawed Democracy
Uzbekistan,UZB,Authoritarian regimes,Authoritarian regimes,Authoritarian regimes,Authoritarian regimes,Authoritarian regimes,Authoritarian regimes,Authoritarian regimes,Authoritarian regimes,Authoritarian regimes,Authoritarian regimes,Authoritarian regimes,Authoritarian regimes,Authoritarian regimes,Authoritarian regimes,Authoritarian regimes,Authoritarian regimes,Authoritarian regimes,Authoritarian regimes,Authoritarian regimes,Authoritarian regimes,Authoritarian regimes,Authoritarian regimes
"Venezuela, RB",VEN,Authoritarian regimes,Authoritarian regimes,Authoritarian regimes,Authoritarian regimes,Authoritarian regimes,Authoritarian regimes,Authoritarian regimes,Authoritarian regimes,Authoritarian regimes,Authoritarian regimes,Authoritarian regimes,Authoritarian regimes,Authoritarian regimes,Authoritarian regimes,Authoritarian regimes,Authoritarian regimes,Authoritarian regimes,Authoritarian regimes,Authoritarian regimes,Authoritarian regimes,Authoritarian regimes,Authoritarian regimes
Vietnam,VNM,Authoritarian regimes,Authoritarian regimes,Authoritarian regimes,Hybrid Regime,Authoritarian regimes,Authoritarian regimes,Authoritarian regimes,Authoritarian regimes,Authoritarian regimes,Authoritarian regimes,Authoritarian regimes,Hybrid Regime,Authoritarian regimes,Authoritarian regimes,Hybrid Regime,Authoritarian regimes,Authoritarian regimes,Authoritarian regimes,Hybrid Regime,Authoritarian regimes,Authoritarian regimes,Authoritarian regimes
West Bank and Gaza,WBG,Authoritarian regimes,Hybrid Regime,Hybrid Regime,Hybrid Regime,Authoritarian regimes,Authoritarian regimes,Authoritarian regimes,Authoritarian regimes,Hybrid Regime,Hybrid Regime,Democracy,Democracy,Democracy,No Data,No Data,No Data,No Data,No Data,No Data,No Data,No Data,No Data
"Jersey, Channel Islands",JEY,Democracy,Flawed Democracy,Flawed Democracy,Democracy,Flawed Democracy,Flawed Democracy,Flawed Democracy,Flawed Democracy,No Data,No Data,No Data,No Data,No Data,No Data,No Data,No Data,No Data,No Data,No Data,No Data,No Data,No Data
Yemen,YEM,Authoritarian regimes,Authoritarian regimes,Authoritarian regimes,Authoritarian regimes,Authoritarian regimes,Authoritarian regimes,Authoritarian regimes,Authoritarian regimes,Authoritarian regimes,Authoritarian regimes,Authoritarian regimes,Authoritarian regimes,Authoritarian regimes,Authoritarian regimes,Authoritarian regimes,Authoritarian regimes,Authoritarian regimes,Authoritarian regimes,Authoritarian regimes,Authoritarian regimes,Authoritarian regimes,Authoritarian regimes
Serbia,SRB,Hybrid Regime,Authoritarian regimes,Authoritarian regimes,Hybrid Regime,Authoritarian regimes,Authoritarian regimes,Authoritarian regimes,Authoritarian regimes,Authoritarian regimes,Authoritarian regimes,Authoritarian regimes,Authoritarian regimes,Authoritarian regimes,Authoritarian regimes,Authoritarian regimes,Authoritarian regimes,Authoritarian regimes,Authoritarian regimes,Authoritarian regimes,Authoritarian regimes,Authoritarian regimes,Authoritarian regimes
South Africa,ZAF,Flawed Democracy,Hybrid Regime,Hybrid Regime,Hybrid Regime,Hybrid Regime,Hybrid Regime,Hybrid Regime,Hybrid Regime,Hybrid Regime,Hybrid Regime,Hybrid Regime,Hybrid Regime,Hybrid Regime,Hybrid Regime,Hybrid Regime,Hybrid Regime,Hybrid Regime,Hybrid Regime,Flawed Democracy,Hybrid Regime,Hybrid Regime,Flawed Democracy
Dem. Rep. Congo,ZAR,Authoritarian regimes,Authoritarian regimes,Authoritarian regimes,Authoritarian regimes,Authoritarian regimes,Authoritarian regimes,Authoritarian regimes,Authoritarian regimes,Authoritarian regimes,Authoritarian regimes,Democracy,Democracy,Democracy,Authoritarian regimes,Authoritarian regimes,Authoritarian regimes,No Data,No Data,No Data,No Data,No Data,No Data
Zambia,ZMB,Hybrid Regime,Authoritarian regimes,Authoritarian regimes,Hybrid Regime,Authoritarian regimes,Authoritarian regimes,Authoritarian regimes,Authoritarian regimes,Authoritarian regimes,Authoritarian regimes,Authoritarian regimes,Authoritarian regimes,Authoritarian regimes,Authoritarian regimes,Authoritarian regimes,Authoritarian regimes,Authoritarian regimes,Authoritarian regimes,Authoritarian regimes,Authoritarian regimes,Authoritarian regimes,Authoritarian regimes
Zimbabwe,ZWE,Authoritarian regimes,Authoritarian regimes,Authoritarian regimes,Authoritarian regimes,Authoritarian regimes,Authoritarian regimes,Authoritarian regimes,Authoritarian regimes,Authoritarian regimes,Authoritarian regimes,Authoritarian regimes,Authoritarian regimes,Authoritarian regimes,Authoritarian regimes,Authoritarian regimes,Authoritarian regimes,Authoritarian regimes,Authoritarian regimes,Authoritarian regimes,Authoritarian regimes,Authoritarian regimes,Authoritarian regimes
